Statistic,Value
Moran's I,-0.05316339209627174
Expected I,-0.011494252873563218
Variance,0.003052500623679016
Z-score,-0.7542002090833531
p-value,0.4507290120827385
