Variable,Frequency,Percentage
PRSCHE3,81,81
P04CHE3,81,81
P10CHE3,65,65
P05CHE3,61,61
C07MCF5,61,61
P09CHE3,55,55.00000000000001
P06CHE3,55,55.00000000000001
EX6MOD5,54,54
C03MCF5,53,53
CRVMRG5,51,51
P07CHE3,49,49
C01MCF5,47,47
C06MCF5,43,43
C11MCF5,42,42
C04MCF5,38,38
C12MCF5,34,34
T09MOD3,33,33
DEMENV5,31,31
C05MCF5,29,28.999999999999996
MANMCF5,27,27
M09MOD4,22,22
M04MOD4,22,22
T08MOD3,12,12
B13CHE3,8,8
